,train,test
params,-0.10047785846397016,-0.13075466781467698
tvalue,-17.26041959482669,-7.055127921137233
adj_r2,0.16890514499612574,0.10251662532313977
IC,-0.4116721977761727,-0.3234477700097131
